Date,Product,Region,Customer_Type,Quantity,Price,Discount,Revenue
2024-12-07,Juices,North,Retail,217,2.67,0.17,480.89
2024-05-01,Water,South,Wholesale,519,2.63,0.14,1173.87
2024-05-15,Juices,South,Retail,478,1.95,0.13,810.93
2024-08-07,Juices,West,Wholesale,547,1.08,0.21,466.7
2024-11-09,Energy Drinks,West,Wholesale,882,1.65,0.23,1120.58
2024-04-13,Sodas,South,Wholesale,124,4.66,0.18,473.83
2024-10-27,Juices,North,Wholesale,236,3.33,0.24,597.27
2024-09-23,Juices,East,Retail,361,3.65,0.26,975.06
2024-11-19,Juices,North,Retail,316,4.05,0.21,1011.04
2024-10-09,Energy Drinks,West,Wholesale,406,1.28,0.26,384.56
2024-11-23,Juices,North,Wholesale,278,2.37,0.14,566.62
2024-02-16,Juices,South,Wholesale,285,0.71,0.03,196.28
2024-03-11,Juices,North,Wholesale,642,4.69,0.25,2258.24
2024-08-10,Sodas,East,Retail,429,2.04,0.1,787.64
2024-07-21,Juices,West,Retail,360,4.81,0.06,1627.7
2024-09-17,Energy Drinks,South,Wholesale,866,1.67,0.27,1055.74
2024-01-25,Sodas,East,Wholesale,522,3.67,0.23,1475.12
2024-07-07,Juices,West,Wholesale,895,1.37,0.04,1177.1
2024-07-04,Sodas,East,Wholesale,598,0.59,0.11,314.01
2024-06-23,Sodas,South,Retail,649,0.59,0.03,371.42
2024-08-13,Sodas,West,Retail,13,2.17,0.09,25.67
2024-11-24,Energy Drinks,West,Retail,997,2.38,0.06,2230.49
2024-08-04,Energy Drinks,South,Retail,208,1.2,0.21,197.18
2024-09-17,Sodas,South,Retail,895,0.98,0.22,684.14
2024-10-07,Sodas,West,Retail,744,2.69,0.14,1721.17
2024-07-01,Sodas,North,Retail,644,2.43,0.24,1189.34
2024-03-02,Juices,North,Retail,204,2.73,0.28,400.98
2024-03-12,Sodas,North,Retail,579,3.83,0.21,1751.88
2024-08-28,Energy Drinks,South,Wholesale,998,2.4,0.23,1844.3
2024-08-26,Energy Drinks,South,Retail,542,3.08,0.12,1469.04
2024-05-19,Water,South,Wholesale,832,3.59,0.13,2598.59
2024-06-12,Water,West,Wholesale,163,3.67,0.13,520.44
2024-05-12,Juices,South,Retail,542,0.51,0.04,265.36
2024-02-05,Energy Drinks,North,Retail,736,1.49,0.1,986.98
2024-10-11,Juices,West,Wholesale,61,3.06,0.17,154.93
2024-03-04,Sodas,North,Wholesale,155,0.64,0.04,95.23
2024-04-22,Sodas,East,Retail,794,2.66,0.12,1858.6
2024-12-06,Water,East,Retail,813,2.33,0.22,1477.55
2024-02-10,Water,North,Wholesale,184,1.27,0.19,189.28
2024-08-10,Water,West,Retail,116,3.95,0.14,394.05
2024-11-06,Sodas,West,Retail,221,3.74,0.11,735.62
2024-08-24,Juices,North,Retail,251,1.54,0.2,309.23
2024-02-15,Energy Drinks,West,Retail,50,3.65,0.04,175.2
2024-04-29,Sodas,East,Retail,254,1.19,0.1,272.03
2024-06-28,Sodas,East,Wholesale,480,3.31,0.12,1398.14
2024-10-05,Water,East,Retail,959,1.51,0.01,1433.61
2024-01-20,Juices,South,Retail,204,4.67,0.13,828.83
2024-07-17,Sodas,South,Wholesale,897,1.28,0.2,918.53
2024-06-07,Sodas,East,Wholesale,342,3.51,0.01,1188.42
2024-07-28,Juices,South,Retail,964,0.79,0.17,632.09
2024-12-20,Energy Drinks,South,Wholesale,984,3.92,0.04,3702.99
2024-10-26,Water,North,Wholesale,795,3.94,0.28,2255.26
2024-08-06,Sodas,South,Retail,812,4.28,0.24,2641.27
2024-07-13,Energy Drinks,South,Retail,846,4.84,0.23,3152.87
2024-05-21,Energy Drinks,West,Wholesale,354,1.29,0.01,452.09
2024-09-28,Juices,South,Wholesale,48,0.79,0.28,27.3
2024-09-18,Juices,East,Retail,626,3.99,0.1,2247.97
2024-01-11,Sodas,East,Retail,893,0.61,0.0,544.73
2024-03-13,Energy Drinks,North,Wholesale,66,4.43,0.3,204.67
2024-10-17,Sodas,North,Retail,779,4.98,0.14,3336.3
2024-12-23,Juices,East,Wholesale,129,4.56,0.01,582.36
2024-05-06,Water,South,Wholesale,58,3.6,0.04,200.45
2024-02-23,Sodas,North,Wholesale,739,2.74,0.17,1680.63
2024-01-19,Energy Drinks,East,Wholesale,856,3.04,0.01,2576.22
2024-12-31,Juices,South,Retail,332,3.7,0.24,933.58
2024-05-03,Energy Drinks,South,Wholesale,400,2.41,0.01,954.36
2024-07-01,Sodas,West,Wholesale,787,4.94,0.03,3771.15
2024-08-24,Water,South,Retail,227,5.0,0.05,1078.25
2024-08-06,Energy Drinks,West,Wholesale,648,3.77,0.21,1929.94
2024-10-21,Water,West,Wholesale,509,3.15,0.2,1282.68
2024-01-11,Juices,East,Retail,537,4.63,0.15,2113.36
2024-03-31,Sodas,South,Wholesale,858,4.9,0.08,3867.86
2024-06-11,Water,West,Retail,797,2.74,0.15,1856.21
2024-02-16,Energy Drinks,East,Retail,154,1.88,0.25,217.14
2024-02-20,Water,West,Retail,185,4.86,0.21,710.29
2024-12-20,Energy Drinks,East,Retail,301,4.82,0.02,1421.8
2024-06-28,Energy Drinks,South,Retail,493,2.3,0.24,861.76
2024-12-06,Juices,East,Wholesale,183,1.7,0.12,273.77
2024-08-03,Energy Drinks,North,Retail,370,1.29,0.09,434.34
2024-10-20,Energy Drinks,East,Retail,726,1.71,0.11,1104.9
2024-01-04,Juices,North,Wholesale,327,1.27,0.23,319.77
2024-08-24,Water,East,Wholesale,512,2.63,0.28,969.52
2024-01-28,Energy Drinks,South,Retail,315,4.55,0.24,1089.27
2024-03-15,Sodas,West,Wholesale,647,2.0,0.16,1086.96
2024-01-01,Sodas,South,Wholesale,512,4.17,0.13,1857.48
2024-03-05,Juices,North,Wholesale,610,2.89,0.27,1286.92
2024-04-01,Water,West,Retail,715,2.97,0.07,1974.9
2024-05-22,Energy Drinks,North,Retail,196,4.7,0.19,746.17
2024-11-28,Water,South,Wholesale,204,2.53,0.23,397.41
2024-10-28,Sodas,North,Retail,455,3.17,0.21,1139.46
2024-09-22,Energy Drinks,West,Retail,652,4.08,0.16,2234.53
2024-05-27,Energy Drinks,West,Wholesale,736,0.77,0.06,532.72
2024-07-09,Energy Drinks,West,Wholesale,572,3.22,0.11,1639.24
2024-10-16,Energy Drinks,South,Wholesale,923,3.53,0.12,2867.21
2024-07-17,Juices,North,Retail,187,1.46,0.09,248.45
2024-07-29,Sodas,East,Wholesale,318,2.68,0.26,630.66
2024-09-26,Sodas,East,Wholesale,469,0.73,0.3,239.66
2024-03-17,Water,East,Retail,804,3.13,0.22,1962.89
2024-07-31,Juices,West,Wholesale,478,4.05,0.24,1471.28
2024-04-05,Water,East,Wholesale,765,3.7,0.01,2802.2
2024-06-16,Sodas,East,Retail,468,4.74,0.19,1796.84
2024-10-20,Water,East,Wholesale,498,2.34,0.12,1025.48
2024-12-06,Energy Drinks,East,Retail,853,2.57,0.02,2148.37
2024-02-03,Energy Drinks,North,Retail,519,0.71,0.1,331.64
2024-11-29,Water,East,Wholesale,631,3.91,0.18,2023.11
2024-05-29,Energy Drinks,South,Wholesale,259,1.3,0.08,309.76
2024-02-03,Juices,East,Retail,512,2.01,0.26,761.55
2024-04-12,Sodas,West,Retail,106,4.08,0.12,380.58
2024-01-12,Energy Drinks,East,Retail,186,1.68,0.03,303.11
2024-06-22,Water,South,Retail,653,4.66,0.09,2769.11
2024-08-20,Energy Drinks,West,Wholesale,143,2.01,0.25,215.57
2024-02-13,Energy Drinks,North,Wholesale,171,4.28,0.21,578.19
2024-06-22,Juices,West,Wholesale,578,4.32,0.26,1847.75
2024-02-21,Water,East,Wholesale,941,2.78,0.16,2197.42
2024-09-03,Sodas,East,Retail,370,4.07,0.11,1340.25
2024-01-31,Sodas,East,Wholesale,732,1.51,0.04,1061.11
2024-03-14,Sodas,South,Wholesale,853,3.28,0.21,2210.29
2024-11-05,Juices,North,Wholesale,170,3.28,0.02,546.45
2024-04-12,Juices,South,Wholesale,861,2.84,0.27,1785.03
2024-09-30,Energy Drinks,East,Retail,636,4.01,0.1,2295.32
2024-03-28,Sodas,North,Wholesale,11,2.89,0.23,24.48
2024-09-26,Juices,West,Retail,537,4.21,0.04,2170.34
2024-05-23,Energy Drinks,West,Wholesale,698,3.46,0.12,2125.27
2024-12-24,Sodas,North,Wholesale,437,1.37,0.17,496.91
2024-01-27,Juices,North,Retail,256,4.04,0.01,1023.9
2024-06-22,Water,West,Wholesale,995,0.75,0.2,597.0
2024-11-30,Water,South,Wholesale,528,2.44,0.14,1107.96
2024-03-29,Energy Drinks,South,Retail,950,0.54,0.05,487.35
2024-01-19,Juices,South,Wholesale,973,2.66,0.14,2225.83
2024-08-16,Sodas,South,Retail,100,0.71,0.27,51.83
2024-09-01,Sodas,South,Retail,558,0.91,0.21,401.15
2024-12-15,Juices,North,Wholesale,855,1.45,0.1,1115.78
2024-07-20,Sodas,East,Retail,755,1.93,0.19,1180.29
2024-04-10,Water,South,Wholesale,684,3.42,0.14,2011.78
2024-12-24,Sodas,North,Retail,439,4.73,0.13,1806.53
2024-07-10,Juices,West,Retail,377,1.81,0.16,573.19
2024-11-19,Juices,East,Retail,918,2.17,0.2,1593.65
2024-03-29,Water,West,Retail,132,1.72,0.11,202.07
2024-08-19,Sodas,North,Retail,603,3.12,0.06,1768.48
2024-01-15,Water,South,Retail,306,4.45,0.13,1184.68
2024-01-28,Energy Drinks,West,Wholesale,230,2.5,0.25,431.25
2024-09-03,Sodas,North,Retail,838,3.68,0.26,2282.04
2024-03-14,Juices,South,Retail,979,2.35,0.29,1633.46
2024-11-01,Sodas,North,Wholesale,918,4.3,0.16,3315.82
2024-10-10,Juices,East,Wholesale,866,1.57,0.29,965.33
2024-11-13,Juices,North,Wholesale,263,1.65,0.08,399.23
2024-09-29,Sodas,South,Wholesale,387,2.58,0.26,738.86
2024-07-22,Sodas,East,Wholesale,875,1.79,0.19,1268.66
2024-08-21,Water,East,Wholesale,569,2.08,0.28,852.13
2024-09-19,Juices,South,Wholesale,238,3.09,0.21,580.98
2024-04-03,Energy Drinks,South,Wholesale,749,3.65,0.06,2569.82
2024-03-26,Energy Drinks,South,Retail,178,4.27,0.21,600.45
2024-02-04,Water,West,Retail,450,2.99,0.29,955.3
2024-01-24,Water,South,Retail,651,4.78,0.2,2489.42
2024-11-13,Energy Drinks,West,Retail,528,0.67,0.01,350.22
2024-05-03,Juices,North,Wholesale,565,4.2,0.13,2064.51
2024-03-04,Sodas,North,Retail,492,4.49,0.07,2054.44
2024-06-27,Sodas,West,Retail,142,2.25,0.26,236.43
2024-02-19,Juices,East,Retail,513,1.48,0.16,637.76
2024-06-17,Water,West,Wholesale,817,1.62,0.03,1283.83
2024-11-29,Sodas,North,Retail,840,1.37,0.19,932.15
2024-06-11,Energy Drinks,East,Wholesale,536,1.23,0.25,494.46
2024-08-06,Sodas,East,Wholesale,922,1.73,0.05,1515.31
2024-09-12,Sodas,North,Retail,360,3.23,0.16,976.75
2024-03-09,Water,West,Wholesale,187,1.27,0.09,216.12
2024-12-07,Energy Drinks,South,Wholesale,809,1.08,0.1,786.35
2024-07-27,Sodas,South,Wholesale,97,4.45,0.29,306.47
2024-03-27,Juices,South,Wholesale,731,3.59,0.03,2545.56
2024-11-17,Sodas,North,Wholesale,550,2.34,0.22,1003.86
2024-10-29,Juices,East,Retail,322,4.55,0.2,1172.08
2024-03-30,Juices,East,Retail,857,1.62,0.26,1027.37
2024-04-22,Juices,South,Wholesale,375,1.06,0.1,357.75
2024-01-22,Juices,South,Wholesale,323,0.57,0.13,160.18
2024-08-24,Sodas,East,Wholesale,813,0.9,0.06,687.8
2024-06-12,Juices,North,Retail,117,2.58,0.08,277.71
2024-03-26,Juices,North,Retail,690,2.79,0.04,1848.1
2024-05-18,Juices,East,Wholesale,846,4.07,0.1,3098.9
2024-06-01,Sodas,South,Retail,465,1.46,0.13,590.64
2024-06-12,Juices,East,Retail,825,2.23,0.09,1674.17
2024-07-27,Sodas,East,Wholesale,491,4.1,0.04,1932.58
2024-05-13,Energy Drinks,South,Wholesale,255,2.16,0.25,413.1
2024-02-20,Juices,East,Wholesale,554,2.27,0.11,1119.25
2024-03-26,Energy Drinks,West,Retail,84,4.02,0.23,260.01
2024-02-08,Juices,South,Retail,362,2.74,0.1,892.69
2024-03-31,Water,South,Retail,772,4.62,0.08,3281.31
2024-02-13,Water,South,Wholesale,145,3.17,0.08,422.88
2024-07-15,Sodas,East,Retail,310,3.42,0.13,922.37
2024-02-24,Energy Drinks,South,Retail,657,2.61,0.05,1629.03
2024-03-08,Energy Drinks,West,Retail,743,2.09,0.3,1087.01
2024-03-06,Sodas,North,Wholesale,983,4.8,0.24,3585.98
2024-12-19,Water,South,Wholesale,587,2.64,0.01,1534.18
2024-11-03,Sodas,East,Wholesale,801,3.06,0.11,2181.44
2024-05-18,Water,East,Retail,780,4.74,0.11,3290.51
2024-03-01,Water,East,Wholesale,900,2.26,0.18,1667.88
2024-09-26,Sodas,North,Wholesale,350,1.8,0.28,453.6
2024-11-24,Energy Drinks,North,Retail,751,1.37,0.15,874.54
2024-07-16,Juices,South,Retail,170,3.75,0.07,592.88
2024-11-16,Sodas,East,Retail,74,1.38,0.17,84.76
2024-05-25,Water,West,Wholesale,492,2.05,0.17,837.14
2024-02-13,Water,East,Wholesale,318,4.65,0.25,1109.03
2024-09-19,Water,West,Wholesale,756,2.27,0.03,1664.64
2024-08-06,Juices,West,Wholesale,296,2.88,0.04,818.38
2024-03-26,Water,West,Retail,599,3.34,0.02,1960.65
2024-10-06,Sodas,East,Wholesale,661,4.72,0.21,2464.74
2024-10-16,Energy Drinks,West,Retail,800,4.64,0.08,3415.04
2024-09-20,Juices,East,Wholesale,161,0.91,0.15,124.53
2024-05-13,Juices,South,Retail,563,0.9,0.23,390.16
2024-06-23,Sodas,East,Retail,530,1.93,0.05,971.75
2024-08-15,Energy Drinks,North,Wholesale,74,0.56,0.04,39.78
2024-11-18,Water,North,Retail,145,4.48,0.17,539.17
2024-08-24,Sodas,South,Wholesale,774,4.53,0.29,2489.42
2024-08-30,Water,East,Retail,301,0.58,0.06,164.11
2024-03-07,Sodas,South,Retail,685,1.95,0.12,1175.46
2024-11-04,Energy Drinks,West,Retail,74,3.22,0.26,176.33
2024-11-12,Sodas,North,Wholesale,175,4.93,0.01,854.12
2024-01-10,Energy Drinks,North,Retail,434,2.85,0.16,1039.0
2024-09-06,Energy Drinks,West,Retail,831,3.78,0.03,3046.94
2024-03-01,Juices,North,Wholesale,718,0.72,0.21,408.4
2024-09-10,Water,East,Wholesale,157,4.59,0.04,691.8
2024-01-03,Water,East,Retail,850,3.15,0.28,1927.8
2024-10-19,Sodas,South,Wholesale,201,3.66,0.23,566.46
2024-01-06,Sodas,East,Wholesale,273,1.36,0.01,367.57
2024-06-11,Juices,South,Wholesale,173,3.69,0.21,504.31
2024-09-14,Water,West,Wholesale,743,0.8,0.26,439.86
2024-07-25,Energy Drinks,South,Retail,677,0.66,0.19,361.92
2024-12-09,Sodas,South,Wholesale,87,0.94,0.23,62.97
2024-07-29,Energy Drinks,West,Retail,233,1.76,0.16,344.47
2024-12-28,Energy Drinks,West,Wholesale,235,1.87,0.2,351.56
2024-06-26,Energy Drinks,East,Retail,964,4.43,0.03,4142.4
2024-01-23,Juices,North,Wholesale,137,2.26,0.22,241.5
2024-09-22,Juices,East,Wholesale,140,1.46,0.03,198.27
2024-12-20,Sodas,South,Wholesale,667,4.15,0.16,2325.16
2024-08-02,Energy Drinks,North,Wholesale,195,1.13,0.0,220.35
2024-05-11,Energy Drinks,North,Wholesale,998,2.48,0.0,2475.04
2024-11-25,Energy Drinks,West,Wholesale,622,1.75,0.13,947.0
2024-08-20,Water,East,Retail,800,2.99,0.06,2248.48
2024-11-09,Energy Drinks,South,Retail,604,4.72,0.27,2081.14
2024-03-26,Sodas,West,Wholesale,748,4.95,0.24,2813.98
2024-10-13,Sodas,West,Retail,473,2.22,0.13,913.55
2024-01-09,Sodas,South,Retail,468,4.31,0.0,2017.08
2024-08-10,Water,North,Retail,547,1.0,0.24,415.72
2024-04-20,Water,North,Wholesale,370,4.16,0.05,1462.24
2024-05-14,Water,South,Retail,601,4.21,0.05,2403.7
2024-02-08,Juices,North,Retail,395,1.39,0.04,527.09
2024-10-04,Juices,West,Retail,951,3.33,0.22,2470.13
2024-11-30,Water,East,Retail,572,4.59,0.22,2047.87
2024-08-08,Energy Drinks,West,Wholesale,102,2.05,0.04,200.74
2024-01-04,Water,East,Retail,190,0.57,0.15,92.06
2024-06-23,Sodas,South,Wholesale,297,0.6,0.01,176.42
2024-07-21,Sodas,North,Retail,421,1.48,0.08,573.23
2024-12-14,Juices,South,Wholesale,336,2.46,0.22,644.72
2024-04-22,Sodas,East,Retail,556,0.84,0.28,336.27
2024-01-13,Juices,East,Wholesale,219,3.2,0.24,532.61
2024-02-08,Juices,North,Retail,236,1.11,0.28,188.61
2024-08-14,Water,West,Retail,715,0.64,0.11,407.26
2024-03-17,Sodas,West,Retail,736,4.86,0.21,2825.8
2024-09-05,Juices,East,Retail,56,3.71,0.07,193.22
2024-09-19,Energy Drinks,North,Retail,167,3.13,0.16,439.08
2024-05-26,Juices,South,Retail,899,3.9,0.26,2594.51
2024-04-15,Energy Drinks,East,Wholesale,695,0.53,0.04,353.62
2024-08-12,Water,East,Wholesale,382,2.54,0.13,844.14
2024-06-06,Juices,East,Wholesale,868,4.07,0.18,2896.86
2024-05-13,Energy Drinks,West,Wholesale,28,0.8,0.26,16.58
2024-09-09,Energy Drinks,North,Retail,330,1.13,0.03,361.71
2024-03-20,Water,West,Retail,75,1.82,0.25,102.38
2024-10-15,Water,East,Retail,916,2.12,0.18,1592.37
2024-03-11,Water,South,Wholesale,177,2.76,0.22,381.05
2024-10-05,Energy Drinks,North,Retail,897,2.56,0.12,2020.76
2024-12-24,Juices,South,Wholesale,834,5.0,0.09,3794.7
2024-01-15,Water,East,Retail,30,1.39,0.1,37.53
2024-07-07,Energy Drinks,North,Retail,983,0.73,0.1,645.83
2024-06-11,Energy Drinks,West,Wholesale,742,1.56,0.28,833.41
2024-01-19,Juices,East,Retail,815,1.98,0.12,1420.06
2024-09-29,Juices,North,Wholesale,844,3.1,0.27,1909.97
2024-06-18,Energy Drinks,East,Retail,620,4.22,0.28,1883.81
2024-08-15,Water,South,Retail,116,3.73,0.18,354.8
2024-10-26,Juices,North,Wholesale,596,0.56,0.29,236.97
2024-03-08,Sodas,North,Wholesale,610,1.32,0.04,772.99
2024-11-02,Energy Drinks,West,Wholesale,551,3.05,0.29,1193.19
2024-04-01,Sodas,North,Wholesale,157,2.2,0.09,314.31
2024-02-04,Energy Drinks,South,Wholesale,27,0.95,0.26,18.98
2024-07-31,Water,South,Wholesale,120,3.51,0.28,303.26
2024-05-02,Sodas,South,Retail,190,3.77,0.02,701.97
2024-02-18,Energy Drinks,South,Retail,127,2.83,0.12,316.28
2024-09-05,Sodas,West,Wholesale,124,4.7,0.3,407.96
2024-12-07,Energy Drinks,South,Retail,714,3.32,0.19,1920.09
2024-12-26,Water,West,Wholesale,528,2.14,0.2,903.94
2024-07-03,Sodas,South,Retail,440,3.29,0.14,1244.94
2024-11-02,Juices,North,Retail,179,2.16,0.14,332.51
2024-05-16,Sodas,South,Wholesale,408,2.81,0.13,997.44
2024-07-22,Water,South,Wholesale,263,2.88,0.03,734.72
2024-06-19,Energy Drinks,West,Retail,7,1.96,0.17,11.39
2024-02-07,Water,South,Wholesale,41,2.71,0.3,77.78
2024-02-08,Juices,East,Wholesale,437,2.71,0.22,923.73
2024-08-09,Juices,South,Wholesale,413,1.96,0.22,631.39
2024-05-14,Energy Drinks,West,Wholesale,314,4.14,0.08,1195.96
2024-12-06,Energy Drinks,South,Retail,909,2.9,0.27,1924.35
2024-12-11,Water,South,Wholesale,108,0.52,0.0,56.16
2024-09-19,Water,East,Retail,181,3.65,0.28,475.67
2024-02-19,Sodas,North,Retail,413,2.81,0.22,905.21
2024-03-14,Energy Drinks,North,Retail,198,1.5,0.22,231.66
2024-01-16,Juices,South,Wholesale,592,4.25,0.26,1861.84
2024-07-20,Sodas,West,Retail,261,1.8,0.04,451.01
2024-03-16,Sodas,North,Retail,391,4.13,0.28,1162.68
2024-01-12,Juices,East,Retail,933,4.01,0.24,2843.41
2024-04-22,Energy Drinks,West,Retail,790,4.93,0.2,3115.76
2024-10-11,Juices,North,Retail,197,4.52,0.1,801.4
2024-12-01,Sodas,North,Retail,305,0.78,0.3,166.53
2024-06-09,Sodas,East,Retail,706,3.69,0.28,1875.7
2024-06-25,Energy Drinks,North,Retail,184,0.72,0.03,128.51
2024-02-01,Sodas,East,Wholesale,90,0.62,0.11,49.66
2024-04-27,Sodas,East,Retail,173,4.8,0.25,622.8
2024-07-19,Sodas,East,Wholesale,676,1.71,0.21,913.21
2024-02-07,Water,North,Wholesale,311,3.7,0.06,1081.66
2024-08-18,Water,East,Retail,765,1.31,0.19,811.74
2024-04-01,Energy Drinks,North,Retail,240,1.88,0.0,451.2
2024-04-30,Energy Drinks,West,Retail,373,1.51,0.01,557.6
2024-06-03,Energy Drinks,South,Wholesale,390,1.31,0.08,470.03
2024-05-20,Juices,South,Wholesale,239,2.92,0.17,579.24
2024-03-27,Energy Drinks,East,Retail,797,0.54,0.03,417.47
2024-09-15,Sodas,North,Retail,123,3.13,0.22,300.29
2024-02-04,Water,East,Retail,461,3.62,0.17,1385.12
2024-01-26,Energy Drinks,South,Wholesale,695,3.89,0.25,2027.66
2024-09-10,Water,East,Wholesale,915,3.19,0.0,2918.85
2024-07-16,Sodas,South,Retail,240,1.15,0.13,240.12
2024-07-28,Energy Drinks,North,Wholesale,916,2.94,0.18,2208.29
2024-10-19,Energy Drinks,East,Wholesale,756,4.78,0.17,2999.35
2024-09-21,Energy Drinks,West,Wholesale,489,2.26,0.28,795.7
2024-03-21,Water,North,Retail,452,1.57,0.16,596.1
2024-05-17,Water,West,Retail,597,4.96,0.26,2191.23
2024-06-30,Energy Drinks,East,Retail,522,4.3,0.29,1593.67
2024-11-09,Energy Drinks,East,Retail,85,1.35,0.04,110.16
2024-04-15,Sodas,North,Wholesale,538,4.64,0.08,2296.61
2024-03-23,Energy Drinks,South,Retail,809,3.12,0.04,2423.12
2024-05-27,Sodas,West,Retail,529,4.02,0.14,1828.86
2024-01-07,Juices,West,Wholesale,809,0.8,0.17,537.18
2024-03-17,Energy Drinks,East,Wholesale,774,3.56,0.28,1983.92
2024-07-03,Sodas,North,Retail,360,3.45,0.22,968.76
2024-02-02,Juices,East,Wholesale,172,4.54,0.23,601.28
2024-12-30,Water,South,Retail,694,3.76,0.22,2035.36
2024-07-11,Water,South,Retail,434,2.91,0.2,1010.35
2024-09-21,Energy Drinks,West,Wholesale,178,4.76,0.3,593.1
2024-10-30,Juices,East,Wholesale,7,0.55,0.08,3.54
2024-11-27,Sodas,East,Wholesale,289,4.11,0.15,1009.62
2024-08-14,Water,South,Retail,862,0.53,0.03,443.15
2024-12-09,Sodas,South,Wholesale,870,3.77,0.28,2361.53
2024-07-22,Sodas,North,Wholesale,533,1.4,0.29,529.8
2024-05-24,Water,South,Retail,989,3.71,0.11,3265.58
2024-09-20,Juices,North,Retail,208,2.46,0.14,440.04
2024-08-20,Sodas,South,Retail,703,1.68,0.27,862.16
2024-05-21,Water,South,Retail,534,4.19,0.05,2125.59
2024-08-19,Energy Drinks,North,Retail,821,0.55,0.1,406.4
2024-11-28,Sodas,West,Retail,133,0.56,0.23,57.35
2024-06-25,Energy Drinks,West,Wholesale,566,4.55,0.13,2240.51
2024-05-11,Water,North,Wholesale,823,4.24,0.29,2477.56
2024-02-28,Energy Drinks,North,Wholesale,488,3.09,0.21,1191.26
2024-02-08,Sodas,East,Wholesale,547,3.13,0.26,1266.96
2024-03-29,Juices,West,Wholesale,465,4.22,0.19,1589.46
2024-09-05,Juices,South,Retail,426,4.76,0.18,1662.76
2024-08-15,Sodas,West,Retail,971,4.57,0.29,3150.6
2024-03-29,Juices,South,Wholesale,624,0.56,0.3,244.61
2024-01-26,Energy Drinks,West,Retail,448,4.99,0.04,2146.1
2024-08-22,Juices,South,Retail,775,2.44,0.04,1815.36
2024-08-27,Sodas,North,Retail,849,2.24,0.29,1350.25
2024-08-31,Sodas,South,Wholesale,946,3.94,0.04,3578.15
2024-10-11,Energy Drinks,North,Retail,26,2.57,0.13,58.13
2024-04-15,Sodas,West,Retail,688,2.11,0.22,1132.31
2024-11-09,Sodas,East,Retail,435,2.81,0.29,867.87
2024-05-06,Energy Drinks,South,Wholesale,541,0.64,0.21,273.53
2024-01-06,Juices,North,Retail,94,2.11,0.14,170.57
2024-12-18,Sodas,West,Wholesale,553,3.37,0.2,1490.89
2024-09-20,Juices,East,Retail,628,4.05,0.22,1983.85
2024-08-22,Energy Drinks,South,Wholesale,946,3.82,0.02,3541.45
2024-09-15,Water,North,Wholesale,11,4.31,0.08,43.62
2024-10-21,Juices,East,Retail,336,2.16,0.03,703.99
2024-10-14,Sodas,West,Wholesale,488,3.83,0.25,1401.78
2024-10-05,Energy Drinks,North,Retail,965,2.96,0.24,2170.86
2024-05-01,Water,West,Wholesale,833,3.14,0.02,2563.31
2024-01-29,Water,South,Retail,382,3.45,0.04,1265.18
2024-09-12,Sodas,East,Retail,811,0.61,0.14,425.45
2024-09-27,Water,North,Retail,216,2.21,0.03,463.04
2024-04-17,Energy Drinks,East,Retail,421,1.85,0.18,638.66
2024-08-09,Energy Drinks,East,Wholesale,711,1.73,0.3,861.02
2024-11-19,Juices,North,Wholesale,796,3.31,0.17,2186.85
2024-07-16,Sodas,South,Wholesale,694,1.46,0.07,942.31
2024-12-15,Sodas,East,Wholesale,583,4.22,0.09,2238.84
2024-12-17,Juices,East,Wholesale,659,3.03,0.23,1537.51
2024-04-13,Sodas,East,Wholesale,893,1.06,0.16,795.13
2024-07-19,Juices,East,Wholesale,509,3.23,0.01,1627.63
2024-11-20,Water,West,Wholesale,343,1.5,0.14,442.47
2024-03-03,Juices,East,Wholesale,22,2.69,0.14,50.89
2024-07-10,Water,East,Retail,481,2.17,0.16,876.77
2024-09-01,Water,North,Retail,204,1.14,0.27,169.77
2024-07-26,Sodas,South,Retail,939,1.54,0.04,1388.22
2024-08-26,Water,West,Wholesale,444,3.12,0.1,1246.75
2024-05-02,Energy Drinks,South,Retail,151,2.77,0.04,401.54
2024-04-07,Juices,North,Wholesale,192,4.41,0.14,728.18
2024-05-30,Juices,West,Wholesale,43,4.55,0.02,191.74
2024-12-02,Juices,North,Retail,427,2.43,0.07,964.98
2024-07-06,Water,East,Wholesale,644,0.93,0.21,473.15
2024-08-15,Water,West,Retail,243,4.35,0.14,909.06
2024-05-16,Water,North,Retail,328,2.4,0.02,771.46
2024-08-25,Water,West,Wholesale,25,1.44,0.09,32.76
2024-08-11,Sodas,South,Retail,678,4.49,0.14,2618.03
2024-03-27,Water,West,Retail,312,2.57,0.18,657.51
2024-11-11,Energy Drinks,West,Retail,687,1.3,0.25,669.82
2024-10-03,Juices,East,Wholesale,853,1.04,0.14,762.92
2024-01-13,Energy Drinks,North,Wholesale,882,2.11,0.06,1749.36
2024-02-24,Sodas,North,Retail,697,1.51,0.1,947.22
2024-06-21,Sodas,West,Wholesale,360,2.37,0.08,784.94
2024-05-20,Juices,West,Retail,1000,2.83,0.16,2377.2
2024-11-01,Juices,East,Wholesale,203,1.36,0.26,204.3
2024-08-26,Energy Drinks,West,Retail,993,1.71,0.19,1375.4
2024-03-13,Juices,South,Wholesale,723,4.29,0.22,2419.3
2024-07-13,Sodas,South,Wholesale,179,1.57,0.03,272.6
2024-06-24,Water,West,Wholesale,613,3.06,0.27,1369.32
2024-05-14,Sodas,West,Wholesale,785,4.01,0.11,2801.59
2024-01-22,Water,South,Retail,386,2.22,0.04,822.64
2024-08-31,Water,East,Retail,844,0.97,0.19,663.13
2024-03-24,Sodas,North,Wholesale,489,3.28,0.16,1347.29
2024-04-08,Water,North,Wholesale,448,2.18,0.14,839.91
2024-02-15,Water,East,Retail,402,4.44,0.04,1713.48
2024-05-11,Energy Drinks,East,Retail,155,2.37,0.12,323.27
2024-02-13,Water,North,Wholesale,329,3.43,0.08,1038.19
2024-02-08,Energy Drinks,North,Retail,654,3.78,0.13,2150.74
2024-11-02,Juices,East,Retail,632,4.21,0.23,2048.75
2024-08-31,Juices,East,Wholesale,201,4.48,0.21,711.38
2024-01-29,Sodas,North,Wholesale,652,4.6,0.16,2519.33
2024-07-22,Sodas,North,Wholesale,149,2.21,0.15,279.9
2024-06-24,Water,North,Wholesale,106,0.94,0.21,78.72
2024-10-04,Energy Drinks,North,Retail,396,0.87,0.29,244.61
2024-01-26,Sodas,North,Retail,944,4.32,0.06,3833.4
2024-01-18,Water,West,Wholesale,419,2.48,0.05,987.16
2024-06-22,Water,West,Wholesale,490,4.73,0.0,2317.7
2024-04-26,Sodas,West,Retail,661,4.67,0.14,2654.71
2024-04-27,Water,East,Retail,199,3.09,0.11,547.27
2024-05-13,Juices,East,Wholesale,865,3.92,0.15,2882.18
2024-04-19,Water,North,Retail,887,1.38,0.24,930.29
2024-01-04,Energy Drinks,South,Wholesale,107,4.71,0.12,443.49
2024-02-16,Juices,East,Wholesale,126,2.25,0.28,204.12
2024-02-11,Juices,South,Wholesale,811,4.89,0.29,2815.71
2024-02-27,Sodas,North,Wholesale,106,1.34,0.08,130.68
2024-01-21,Water,North,Wholesale,585,2.29,0.11,1192.29
2024-10-02,Water,East,Wholesale,413,1.98,0.19,662.37
2024-08-31,Energy Drinks,North,Retail,711,3.18,0.02,2215.76
2024-07-17,Energy Drinks,West,Wholesale,162,4.34,0.03,681.99
2024-08-18,Water,East,Wholesale,395,2.93,0.3,810.15
2024-09-24,Sodas,West,Wholesale,984,3.01,0.02,2902.6
2024-01-07,Energy Drinks,West,Wholesale,4,3.31,0.09,12.05
2024-12-04,Juices,North,Retail,678,4.72,0.08,2944.15
2024-11-09,Water,North,Retail,97,2.67,0.02,253.81
2024-11-28,Juices,South,Wholesale,30,1.42,0.18,34.93
2024-06-16,Water,North,Wholesale,483,4.43,0.07,1989.91
2024-05-14,Energy Drinks,East,Retail,787,1.72,0.06,1272.42
2024-05-27,Sodas,East,Wholesale,619,4.04,0.05,2375.72
2024-10-03,Energy Drinks,South,Wholesale,893,3.74,0.11,2972.44
2024-06-14,Sodas,East,Retail,530,2.71,0.11,1278.31
2024-08-01,Sodas,East,Wholesale,152,2.61,0.02,388.79
2024-06-17,Energy Drinks,North,Retail,329,4.97,0.0,1635.13
2024-12-28,Energy Drinks,North,Wholesale,674,4.52,0.0,3046.48
2024-04-20,Water,West,Wholesale,158,1.05,0.25,124.43
2024-04-10,Juices,East,Wholesale,598,2.24,0.2,1071.62
2024-08-17,Sodas,East,Retail,754,2.8,0.06,1984.53
2024-11-30,Juices,South,Wholesale,16,3.2,0.17,42.5
2024-07-24,Sodas,East,Retail,66,4.04,0.18,218.64
2024-02-11,Sodas,North,Wholesale,640,0.61,0.27,284.99
2024-07-20,Juices,North,Retail,72,2.5,0.18,147.6
2024-02-06,Energy Drinks,South,Wholesale,296,1.94,0.12,505.33
2024-04-28,Juices,North,Retail,884,0.95,0.21,663.44
2024-01-30,Water,North,Retail,940,2.47,0.22,1811.0
2024-08-24,Water,East,Wholesale,293,4.82,0.24,1073.32
2024-02-06,Sodas,East,Retail,403,1.9,0.23,589.59
2024-12-07,Water,North,Retail,473,4.68,0.02,2169.37
2024-02-27,Water,South,Retail,658,3.57,0.21,1855.76
2024-10-15,Water,North,Wholesale,552,2.83,0.06,1468.43
2024-02-29,Energy Drinks,South,Wholesale,747,1.38,0.26,762.84
2024-01-03,Sodas,North,Wholesale,809,3.69,0.23,2298.61
2024-11-20,Energy Drinks,West,Retail,400,2.55,0.13,887.4
2024-03-30,Energy Drinks,West,Retail,837,2.05,0.03,1664.37
2024-09-15,Juices,South,Retail,317,1.15,0.2,291.64
2024-04-27,Sodas,West,Wholesale,751,4.16,0.16,2624.29
2024-05-07,Water,East,Wholesale,633,1.97,0.2,997.61
2024-09-11,Energy Drinks,East,Retail,679,2.76,0.16,1574.19
2024-11-29,Juices,East,Wholesale,89,3.53,0.29,223.06
2024-06-15,Water,South,Wholesale,665,1.99,0.03,1283.65
2024-04-19,Water,West,Wholesale,73,2.83,0.28,148.74
2024-10-05,Energy Drinks,North,Retail,932,2.68,0.03,2422.83
2024-11-08,Water,North,Wholesale,760,1.71,0.01,1286.6
2024-03-08,Energy Drinks,West,Wholesale,190,2.9,0.01,545.49
2024-11-10,Sodas,North,Wholesale,232,4.56,0.1,952.13
2024-02-08,Juices,North,Retail,925,1.3,0.16,1010.1
2024-09-07,Juices,West,Retail,492,4.46,0.07,2040.72
2024-06-02,Water,East,Wholesale,622,2.91,0.2,1448.02
2024-03-12,Juices,South,Wholesale,574,4.9,0.07,2615.72
2024-10-09,Water,East,Retail,480,2.44,0.22,913.54
2024-10-03,Juices,North,Retail,653,2.25,0.29,1043.17
2024-11-14,Water,South,Wholesale,865,3.08,0.3,1864.94
2024-09-07,Energy Drinks,North,Wholesale,311,2.84,0.29,627.1
2024-07-10,Juices,East,Retail,815,2.26,0.11,1639.29
2024-06-18,Sodas,South,Retail,458,0.85,0.03,377.62
2024-07-31,Juices,West,Retail,520,3.15,0.0,1638.0
2024-04-12,Sodas,North,Retail,376,2.39,0.28,647.02
2024-05-12,Juices,North,Retail,800,4.83,0.23,2975.28
2024-02-05,Juices,West,Retail,692,2.65,0.08,1687.1
2024-07-24,Sodas,East,Retail,443,1.32,0.28,421.03
2024-08-29,Water,South,Wholesale,129,4.52,0.29,413.99
2024-04-05,Energy Drinks,North,Retail,57,4.99,0.08,261.68
2024-11-14,Energy Drinks,North,Wholesale,85,1.07,0.14,78.22
2024-08-17,Energy Drinks,North,Retail,757,1.24,0.09,854.2
2024-04-11,Water,South,Retail,16,2.21,0.05,33.59
2024-02-11,Juices,East,Wholesale,527,2.14,0.25,845.84
2024-02-01,Sodas,West,Wholesale,8,4.14,0.29,23.52
2024-04-04,Sodas,South,Wholesale,513,0.85,0.24,331.4
2024-10-07,Juices,West,Wholesale,583,4.77,0.16,2335.96
2024-04-19,Juices,East,Retail,132,2.2,0.17,241.03
2024-02-12,Sodas,North,Wholesale,350,2.23,0.11,694.64
2024-10-14,Juices,North,Retail,394,4.23,0.15,1416.63
2024-11-29,Water,West,Wholesale,210,2.11,0.02,434.24
2024-12-19,Juices,North,Wholesale,604,4.4,0.15,2258.96
2024-08-13,Sodas,South,Retail,167,1.88,0.1,282.56
2024-09-11,Water,South,Wholesale,261,2.06,0.06,505.4
2024-09-03,Water,North,Retail,388,2.56,0.09,903.88
2024-01-10,Water,East,Retail,372,4.42,0.21,1298.95
2024-05-06,Juices,West,Retail,796,4.93,0.07,3649.58
2024-05-17,Water,South,Wholesale,128,1.76,0.12,198.25
2024-10-30,Water,West,Wholesale,436,3.19,0.23,1070.95
2024-05-28,Sodas,South,Wholesale,487,1.04,0.05,481.16
2024-11-08,Water,East,Wholesale,435,4.22,0.23,1413.49
2024-06-17,Water,South,Retail,750,1.8,0.26,999.0
2024-07-04,Sodas,West,Retail,764,2.1,0.17,1331.65
2024-09-01,Water,West,Wholesale,735,0.89,0.25,490.61
2024-02-17,Water,North,Wholesale,217,0.55,0.29,84.74
2024-02-05,Water,South,Retail,272,1.59,0.27,315.71
2024-04-22,Energy Drinks,West,Retail,374,3.79,0.02,1389.11
2024-06-25,Water,North,Retail,574,4.63,0.16,2232.4
2024-07-20,Energy Drinks,South,Wholesale,586,0.53,0.17,257.78
2024-05-19,Energy Drinks,East,Retail,420,2.71,0.19,921.94
2024-11-01,Juices,South,Retail,11,1.65,0.24,13.79
2024-07-09,Juices,East,Retail,424,2.5,0.28,763.2
2024-10-20,Water,South,Wholesale,555,4.92,0.07,2539.46
2024-03-03,Juices,South,Wholesale,543,4.62,0.13,2182.53
2024-12-20,Sodas,West,Retail,671,2.18,0.07,1360.39
2024-02-17,Juices,South,Retail,762,1.76,0.1,1207.01
2024-04-03,Energy Drinks,North,Wholesale,8,1.96,0.27,11.45
2024-10-07,Sodas,East,Wholesale,171,2.54,0.13,377.88
2024-07-26,Energy Drinks,South,Retail,581,4.78,0.03,2693.86
2024-12-06,Juices,North,Wholesale,58,3.52,0.05,193.95
2024-04-16,Sodas,West,Wholesale,661,4.65,0.04,2950.7
2024-05-12,Energy Drinks,South,Wholesale,534,4.0,0.16,1794.24
2024-08-05,Juices,South,Retail,613,0.65,0.13,346.65
2024-05-29,Water,East,Wholesale,519,2.86,0.11,1321.06
2024-10-18,Juices,South,Retail,801,0.79,0.28,455.61
2024-12-10,Sodas,East,Wholesale,623,1.88,0.12,1030.69
2024-11-14,Juices,South,Wholesale,749,0.94,0.06,661.82
2024-05-07,Juices,East,Wholesale,433,4.14,0.11,1595.43
2024-07-28,Energy Drinks,North,Retail,817,4.61,0.2,3013.1
2024-08-15,Juices,North,Wholesale,158,3.47,0.18,449.57
2024-03-27,Sodas,East,Retail,56,3.01,0.24,128.11
2024-04-11,Energy Drinks,East,Retail,446,2.09,0.27,680.46
2024-10-17,Sodas,North,Wholesale,148,4.53,0.16,563.17
2024-04-01,Energy Drinks,South,Retail,543,4.25,0.12,2030.82
2024-02-11,Sodas,North,Retail,383,4.97,0.16,1598.95
2024-09-14,Sodas,West,Wholesale,226,4.66,0.16,884.65
2024-03-25,Energy Drinks,East,Retail,779,1.69,0.0,1316.51
2024-02-29,Water,West,Wholesale,671,4.34,0.13,2533.56
2024-07-25,Juices,West,Retail,539,4.09,0.25,1653.38
2024-08-25,Sodas,South,Wholesale,198,2.93,0.12,510.52
2024-08-22,Sodas,South,Retail,535,4.84,0.29,1838.47
2024-09-25,Water,South,Wholesale,833,0.63,0.07,488.05
2024-05-29,Energy Drinks,West,Wholesale,127,4.99,0.04,608.38
2024-07-10,Water,South,Retail,836,4.55,0.03,3689.69
2024-04-09,Energy Drinks,North,Retail,794,0.79,0.29,445.35
2024-06-05,Juices,North,Wholesale,905,3.75,0.16,2850.75
2024-11-24,Water,South,Wholesale,65,4.07,0.22,206.35
2024-10-26,Water,South,Wholesale,303,1.72,0.26,385.66
2024-09-08,Energy Drinks,West,Retail,292,2.72,0.27,579.8
2024-08-17,Sodas,North,Wholesale,210,2.22,0.11,414.92
2024-04-08,Energy Drinks,East,Wholesale,606,1.51,0.08,841.86
2024-10-16,Juices,East,Wholesale,948,3.15,0.16,2508.41
2024-10-11,Sodas,East,Retail,451,2.55,0.16,966.04
2024-04-22,Sodas,East,Retail,421,1.14,0.06,451.14
2024-07-12,Water,East,Wholesale,465,4.63,0.28,1550.12
2024-11-30,Sodas,East,Wholesale,887,1.19,0.17,876.09
2024-01-28,Juices,West,Wholesale,122,1.36,0.28,119.46
2024-03-27,Energy Drinks,West,Wholesale,638,1.72,0.11,976.65
2024-09-03,Water,West,Wholesale,984,4.64,0.25,3424.32
2024-05-07,Energy Drinks,East,Retail,965,0.98,0.13,822.76
2024-09-05,Water,North,Wholesale,404,3.19,0.11,1147.0
2024-12-23,Energy Drinks,North,Retail,500,2.82,0.24,1071.6
2024-07-22,Energy Drinks,East,Wholesale,965,1.29,0.18,1020.78
2024-04-28,Water,South,Wholesale,894,4.27,0.05,3626.51
2024-03-06,Water,East,Wholesale,460,4.66,0.24,1629.14
2024-08-03,Water,West,Retail,191,3.58,0.2,547.02
2024-03-31,Juices,North,Retail,242,3.5,0.1,762.3
2024-04-18,Water,East,Wholesale,770,0.59,0.09,413.41
2024-05-25,Sodas,West,Wholesale,852,4.22,0.1,3235.9
2024-09-28,Juices,East,Wholesale,726,1.62,0.02,1152.6
2024-10-06,Sodas,West,Wholesale,497,3.38,0.25,1259.9
2024-09-30,Energy Drinks,North,Wholesale,633,4.34,0.24,2087.89
2024-05-13,Water,South,Retail,406,2.03,0.12,725.28
2024-07-30,Energy Drinks,North,Wholesale,930,4.27,0.12,3494.57
2024-07-05,Energy Drinks,South,Wholesale,806,1.33,0.24,814.7
2024-10-05,Sodas,East,Wholesale,473,0.56,0.05,251.64
2024-08-26,Juices,East,Retail,568,2.58,0.1,1318.9
2024-07-01,Energy Drinks,East,Wholesale,925,2.99,0.08,2544.49
2024-07-24,Water,East,Retail,139,4.05,0.18,461.62
2024-10-23,Water,South,Retail,94,1.9,0.1,160.74
2024-05-22,Juices,North,Retail,735,2.55,0.09,1705.57
2024-04-22,Juices,South,Retail,648,1.12,0.1,653.18
2024-09-11,Juices,West,Wholesale,578,1.79,0.29,734.58
2024-02-29,Juices,North,Wholesale,696,1.91,0.23,1023.61
2024-07-20,Sodas,West,Retail,498,4.28,0.25,1598.58
2024-06-14,Energy Drinks,North,Wholesale,762,1.04,0.19,641.91
2024-09-24,Sodas,East,Wholesale,528,3.96,0.25,1568.16
2024-12-29,Sodas,South,Wholesale,944,2.15,0.18,1664.27
2024-04-10,Sodas,East,Retail,124,3.82,0.21,374.21
2024-09-09,Energy Drinks,West,Retail,204,1.66,0.0,338.64
2024-12-07,Water,East,Wholesale,660,1.11,0.19,593.41
2024-01-19,Water,South,Retail,619,0.59,0.12,321.38
2024-09-25,Sodas,West,Retail,859,3.69,0.18,2599.16
2024-03-12,Sodas,West,Retail,393,0.52,0.25,153.27
2024-10-30,Water,South,Retail,504,1.6,0.12,709.63
2024-11-07,Energy Drinks,East,Wholesale,652,2.01,0.27,956.68
2024-10-02,Water,North,Wholesale,392,1.19,0.29,331.2
2024-08-29,Energy Drinks,South,Wholesale,228,1.07,0.22,190.29
2024-05-25,Sodas,North,Wholesale,84,1.92,0.13,140.31
2024-02-20,Water,East,Wholesale,587,2.49,0.09,1330.08
2024-09-03,Energy Drinks,North,Retail,339,3.38,0.27,836.45
2024-04-01,Juices,South,Retail,2,3.16,0.24,4.8
2024-03-15,Energy Drinks,South,Wholesale,536,3.74,0.3,1403.25
2024-02-02,Juices,West,Wholesale,196,1.19,0.21,184.26
2024-03-04,Energy Drinks,West,Wholesale,423,3.03,0.24,974.08
2024-10-02,Sodas,West,Retail,32,3.52,0.19,91.24
2024-10-22,Water,West,Retail,523,0.76,0.22,310.03
2024-01-24,Sodas,West,Retail,142,4.31,0.09,556.94
2024-10-18,Juices,North,Retail,405,3.35,0.07,1261.78
2024-11-20,Sodas,West,Wholesale,453,3.0,0.18,1114.38
2024-02-16,Energy Drinks,North,Retail,220,4.46,0.02,961.58
2024-05-21,Water,West,Wholesale,382,1.04,0.1,357.55
2024-10-14,Energy Drinks,East,Retail,396,0.96,0.05,361.15
2024-11-23,Energy Drinks,East,Wholesale,184,1.22,0.08,206.52
2024-02-01,Water,North,Retail,736,1.92,0.2,1130.5
2024-11-17,Sodas,East,Retail,51,2.33,0.01,117.64
2024-06-26,Sodas,West,Wholesale,278,2.63,0.17,606.85
2024-09-26,Juices,West,Retail,895,4.23,0.18,3104.4
2024-02-09,Energy Drinks,North,Wholesale,86,2.95,0.11,225.79
2024-05-23,Energy Drinks,East,Wholesale,471,3.19,0.04,1442.39
2024-12-18,Water,North,Wholesale,611,1.52,0.08,854.42
2024-02-08,Energy Drinks,South,Wholesale,107,4.07,0.01,431.14
2024-07-30,Energy Drinks,East,Wholesale,205,3.93,0.19,652.58
2024-11-05,Water,North,Retail,297,3.14,0.28,671.46
2024-03-08,Sodas,West,Retail,828,1.84,0.27,1112.17
2024-07-24,Water,East,Retail,446,4.94,0.08,2026.98
2024-11-05,Water,North,Wholesale,671,3.26,0.11,1946.84
2024-01-28,Sodas,North,Retail,265,1.36,0.05,342.38
2024-06-26,Juices,North,Retail,384,1.66,0.04,611.94
2024-08-30,Energy Drinks,West,Retail,233,0.65,0.24,115.1
2024-03-23,Juices,South,Wholesale,826,1.86,0.23,1183.0
2024-08-09,Sodas,East,Wholesale,627,3.77,0.1,2127.41
2024-07-01,Sodas,South,Wholesale,370,3.21,0.03,1152.07
2024-10-10,Energy Drinks,West,Retail,191,1.8,0.1,309.42
2024-08-15,Water,East,Wholesale,398,3.47,0.12,1215.33
2024-04-05,Energy Drinks,East,Retail,925,0.68,0.02,616.42
2024-06-11,Energy Drinks,South,Wholesale,420,4.13,0.05,1647.87
2024-04-05,Energy Drinks,West,Retail,68,2.6,0.15,150.28
2024-06-29,Juices,South,Retail,377,3.86,0.25,1091.42
2024-10-13,Water,South,Retail,789,2.77,0.21,1726.57
2024-11-02,Juices,West,Retail,63,2.26,0.2,113.9
2024-02-27,Water,North,Wholesale,279,1.39,0.26,286.98
2024-01-25,Energy Drinks,North,Retail,895,4.46,0.26,2953.86
2024-03-08,Water,North,Retail,727,4.03,0.17,2431.74
2024-03-08,Sodas,East,Retail,938,4.77,0.23,3445.18
2024-10-20,Juices,West,Wholesale,186,3.34,0.26,459.72
2024-08-15,Water,South,Retail,495,3.42,0.17,1405.11
2024-12-11,Sodas,East,Wholesale,625,1.36,0.13,739.5
2024-11-29,Energy Drinks,West,Wholesale,346,3.26,0.12,992.6
2024-04-20,Juices,South,Wholesale,885,2.67,0.24,1795.84
2024-10-27,Sodas,West,Retail,174,0.96,0.01,165.37
2024-03-17,Water,West,Retail,522,1.56,0.12,716.6
2024-05-10,Water,West,Wholesale,705,3.23,0.08,2094.98
2024-08-29,Juices,West,Wholesale,11,4.63,0.16,42.78
2024-12-16,Water,East,Wholesale,537,0.59,0.27,231.29
2024-06-06,Juices,South,Retail,545,0.71,0.16,325.04
2024-06-07,Energy Drinks,West,Retail,946,0.98,0.21,732.39
2024-10-25,Water,South,Wholesale,524,4.57,0.23,1843.9
2024-07-25,Sodas,North,Retail,717,2.63,0.01,1866.85
2024-12-17,Sodas,South,Wholesale,372,4.39,0.17,1355.46
2024-04-23,Sodas,West,Retail,54,4.01,0.01,214.37
2024-10-22,Sodas,South,Retail,967,0.85,0.22,641.12
2024-05-03,Water,North,Wholesale,583,4.39,0.24,1945.12
2024-02-07,Juices,South,Wholesale,654,4.69,0.11,2729.86
2024-06-15,Water,East,Retail,542,3.43,0.15,1580.2
2024-10-06,Sodas,North,Retail,375,4.83,0.12,1593.9
2024-03-02,Energy Drinks,North,Wholesale,303,1.69,0.07,476.23
2024-07-07,Water,East,Retail,50,4.21,0.19,170.51
2024-09-30,Juices,West,Wholesale,476,1.06,0.23,388.51
2024-10-31,Water,North,Wholesale,718,1.46,0.01,1037.8
2024-01-12,Energy Drinks,West,Retail,933,2.69,0.09,2283.89
2024-01-01,Energy Drinks,East,Retail,249,3.97,0.26,731.51
2024-03-16,Sodas,North,Wholesale,301,0.52,0.04,150.26
2024-02-18,Juices,West,Wholesale,689,1.76,0.29,860.97
2024-01-10,Juices,West,Retail,432,0.51,0.1,198.29
2024-07-04,Energy Drinks,East,Retail,347,1.67,0.03,562.11
2024-04-04,Energy Drinks,North,Wholesale,78,1.49,0.2,92.98
2024-11-23,Sodas,West,Wholesale,91,1.49,0.17,112.54
2024-12-04,Energy Drinks,South,Retail,145,2.07,0.29,213.11
2024-05-06,Water,East,Retail,219,2.63,0.07,535.65
2024-04-05,Water,East,Wholesale,706,1.13,0.16,670.14
2024-09-29,Water,East,Retail,163,4.65,0.08,697.31
2024-10-02,Energy Drinks,North,Retail,445,2.25,0.12,881.1
2024-06-06,Sodas,East,Retail,587,3.59,0.08,1938.74
2024-10-26,Sodas,East,Wholesale,991,1.18,0.15,993.97
2024-11-04,Water,South,Retail,62,4.03,0.07,232.37
2024-09-01,Water,East,Retail,703,1.13,0.16,667.29
2024-03-06,Water,South,Wholesale,41,4.88,0.21,158.06
2024-11-14,Water,South,Wholesale,763,2.78,0.27,1548.43
2024-06-15,Water,South,Retail,875,2.77,0.24,1842.05
2024-04-18,Energy Drinks,East,Wholesale,434,4.52,0.12,1726.28
2024-08-14,Juices,North,Wholesale,17,1.09,0.09,16.86
2024-08-04,Water,East,Retail,790,2.55,0.21,1591.46
2024-06-29,Water,North,Wholesale,749,0.89,0.05,633.28
2024-01-19,Juices,West,Retail,690,4.44,0.22,2389.61
2024-12-20,Water,West,Retail,158,1.61,0.15,216.22
2024-02-21,Energy Drinks,South,Wholesale,356,4.21,0.28,1079.11
2024-04-29,Sodas,East,Retail,764,4.08,0.29,2213.16
2024-01-27,Sodas,South,Retail,774,2.11,0.29,1159.53
2024-05-22,Sodas,South,Retail,987,0.78,0.12,677.48
2024-02-27,Water,East,Wholesale,900,0.67,0.05,572.85
2024-09-26,Sodas,South,Wholesale,965,1.96,0.25,1418.55
2024-01-15,Juices,East,Wholesale,138,3.4,0.04,450.43
2024-02-18,Energy Drinks,West,Retail,505,2.34,0.0,1181.7
2024-09-30,Juices,West,Wholesale,453,1.22,0.02,541.61
2024-09-26,Juices,South,Wholesale,742,3.67,0.13,2369.13
2024-06-24,Water,North,Wholesale,601,3.71,0.22,1739.17
2024-07-14,Energy Drinks,West,Wholesale,40,2.18,0.09,79.35
2024-08-16,Sodas,East,Wholesale,823,0.99,0.03,790.33
2024-06-11,Juices,North,Wholesale,669,1.61,0.19,872.44
2024-09-30,Juices,North,Wholesale,457,1.35,0.17,512.07
2024-11-15,Juices,East,Retail,463,4.12,0.21,1506.97
2024-02-02,Sodas,East,Retail,948,2.38,0.17,1872.68
2024-02-19,Energy Drinks,North,Retail,555,4.01,0.15,1891.72
2024-05-10,Juices,West,Retail,422,2.54,0.28,771.75
2024-08-30,Water,East,Wholesale,859,4.97,0.27,3116.54
2024-07-08,Sodas,South,Wholesale,597,1.69,0.2,807.14
2024-09-29,Juices,West,Wholesale,20,2.11,0.04,40.51
2024-11-03,Energy Drinks,North,Wholesale,492,2.56,0.16,1058.0
2024-06-15,Sodas,East,Retail,180,3.01,0.21,428.02
2024-03-13,Juices,West,Retail,732,0.57,0.05,396.38
2024-04-20,Water,South,Wholesale,57,1.79,0.04,97.95
2024-08-31,Energy Drinks,South,Retail,498,4.54,0.27,1650.47
2024-08-17,Juices,East,Retail,989,0.75,0.09,674.99
2024-05-04,Water,North,Wholesale,780,4.04,0.26,2331.89
2024-11-02,Water,East,Retail,520,1.27,0.23,508.51
2024-04-06,Energy Drinks,West,Wholesale,880,1.37,0.24,916.26
2024-02-07,Energy Drinks,South,Wholesale,544,1.97,0.1,964.51
2024-04-20,Energy Drinks,South,Wholesale,129,3.72,0.15,407.9
2024-01-15,Juices,North,Retail,984,4.91,0.15,4106.72
2024-01-11,Energy Drinks,West,Retail,890,3.3,0.2,2349.6
2024-03-19,Sodas,North,Wholesale,175,3.51,0.11,546.68
2024-07-09,Water,South,Wholesale,986,2.56,0.13,2196.02
2024-04-15,Juices,South,Retail,988,4.12,0.27,2971.51
2024-12-14,Juices,East,Retail,22,4.45,0.16,82.24
2024-12-07,Energy Drinks,West,Wholesale,583,3.53,0.28,1481.75
2024-12-18,Sodas,South,Retail,853,4.48,0.02,3745.01
2024-04-28,Water,West,Wholesale,520,1.96,0.17,845.94
2024-05-28,Water,South,Wholesale,15,0.56,0.14,7.22
2024-06-19,Water,South,Wholesale,625,2.99,0.21,1476.31
2024-06-06,Water,West,Wholesale,819,2.63,0.05,2046.27
2024-04-06,Energy Drinks,West,Wholesale,287,2.51,0.18,590.7
2024-02-11,Energy Drinks,South,Retail,158,4.39,0.13,603.45
2024-07-26,Juices,East,Retail,117,3.69,0.18,354.02
2024-03-03,Energy Drinks,North,Wholesale,143,4.9,0.29,497.5
2024-04-17,Juices,North,Wholesale,408,3.53,0.24,1094.58
2024-04-28,Sodas,West,Retail,35,2.76,0.2,77.28
2024-03-05,Sodas,South,Retail,77,0.64,0.18,40.41
2024-06-16,Sodas,East,Retail,508,2.27,0.15,980.19
2024-01-12,Sodas,West,Wholesale,130,1.15,0.09,136.05
2024-01-31,Juices,North,Retail,866,3.2,0.18,2272.38
2024-07-10,Water,East,Wholesale,436,0.63,0.06,258.2
2024-08-21,Juices,South,Retail,688,3.73,0.24,1950.34
2024-10-23,Juices,East,Wholesale,510,4.95,0.09,2297.3
2024-01-21,Water,South,Wholesale,910,1.96,0.11,1587.4
2024-05-10,Juices,West,Wholesale,967,4.23,0.21,3231.42
2024-04-10,Energy Drinks,South,Wholesale,520,2.58,0.23,1033.03
2024-06-22,Juices,South,Retail,248,1.29,0.23,246.34
2024-06-02,Sodas,South,Retail,846,3.1,0.2,2098.08
2024-12-25,Sodas,South,Wholesale,897,0.93,0.22,650.68
2024-07-22,Water,West,Wholesale,525,4.07,0.16,1794.87
2024-04-04,Sodas,South,Retail,439,1.62,0.02,696.96
2024-11-04,Energy Drinks,North,Retail,157,1.8,0.03,274.12
2024-06-19,Energy Drinks,North,Wholesale,798,3.08,0.21,1941.69
2024-12-12,Juices,West,Wholesale,592,0.59,0.14,300.38
2024-07-28,Water,East,Retail,350,0.62,0.14,186.62
2024-02-29,Energy Drinks,East,Wholesale,722,0.65,0.18,384.83
2024-01-22,Sodas,South,Wholesale,314,2.62,0.09,748.64
2024-08-24,Juices,North,Wholesale,633,2.47,0.08,1438.43
2024-11-08,Energy Drinks,West,Retail,624,3.14,0.19,1587.08
2024-02-27,Energy Drinks,North,Retail,370,1.05,0.25,291.38
2024-04-16,Water,East,Wholesale,888,1.26,0.11,995.8
2024-03-03,Water,West,Wholesale,430,1.53,0.26,486.85
2024-01-13,Sodas,North,Wholesale,182,1.56,0.14,244.17
2024-08-31,Sodas,East,Retail,394,4.38,0.16,1449.6
2024-04-22,Juices,East,Retail,667,4.44,0.12,2606.1
2024-02-29,Sodas,East,Wholesale,8,3.9,0.25,23.4
2024-05-11,Energy Drinks,South,Retail,801,1.86,0.08,1370.67
2024-07-27,Juices,North,Wholesale,213,3.35,0.29,506.62
2024-12-12,Sodas,West,Retail,154,4.16,0.16,538.14
2024-01-28,Energy Drinks,West,Wholesale,654,0.5,0.12,287.76
2024-07-01,Energy Drinks,North,Wholesale,208,4.11,0.27,624.06
2024-04-08,Energy Drinks,North,Retail,552,0.57,0.22,245.42
2024-02-25,Sodas,East,Wholesale,524,0.59,0.3,216.41
2024-03-19,Sodas,North,Wholesale,242,0.52,0.04,120.81
2024-05-19,Sodas,South,Retail,620,0.77,0.22,372.37
2024-08-20,Energy Drinks,West,Retail,27,3.76,0.12,89.34
2024-02-22,Juices,East,Retail,824,3.64,0.17,2489.47
2024-04-16,Sodas,West,Retail,128,1.88,0.03,233.42
2024-03-11,Sodas,East,Wholesale,654,0.77,0.01,498.54
2024-09-14,Juices,East,Retail,700,2.48,0.24,1319.36
2024-12-14,Juices,North,Wholesale,359,2.88,0.19,837.48
2024-04-11,Sodas,South,Wholesale,703,3.68,0.26,1914.41
2024-11-02,Sodas,South,Wholesale,112,4.52,0.2,404.99
2024-02-09,Juices,North,Wholesale,519,2.52,0.26,967.83
2024-08-23,Juices,North,Wholesale,687,4.93,0.13,2946.61
2024-06-11,Water,East,Wholesale,9,2.19,0.11,17.54
2024-12-10,Juices,West,Retail,734,2.5,0.16,1541.4
2024-07-22,Juices,South,Retail,515,1.1,0.19,458.86
2024-11-25,Juices,West,Retail,825,2.79,0.12,2025.54
2024-05-22,Energy Drinks,North,Wholesale,933,4.77,0.04,4272.39
2024-12-28,Sodas,North,Retail,276,1.13,0.13,271.34
2024-07-07,Energy Drinks,East,Retail,519,2.6,0.02,1322.41
2024-11-03,Sodas,East,Retail,788,1.12,0.26,653.09
2024-12-18,Juices,West,Wholesale,465,2.46,0.21,903.68
2024-12-26,Water,East,Retail,459,3.05,0.28,1007.96
2024-12-12,Sodas,East,Retail,652,2.79,0.19,1473.45
2024-09-09,Energy Drinks,North,Wholesale,776,2.12,0.24,1250.29
2024-07-29,Water,East,Retail,832,2.92,0.26,1797.79
2024-06-20,Juices,East,Wholesale,275,4.45,0.23,942.29
2024-03-17,Juices,North,Retail,913,1.28,0.06,1098.52
2024-03-28,Water,North,Wholesale,750,1.63,0.25,916.88
2024-04-27,Energy Drinks,East,Wholesale,907,1.11,0.09,916.16
2024-09-03,Water,East,Retail,22,1.05,0.1,20.79
2024-06-28,Sodas,North,Retail,98,4.88,0.13,416.07
2024-11-14,Water,North,Wholesale,502,2.98,0.03,1451.08
2024-09-24,Juices,South,Retail,47,1.23,0.18,47.4
2024-01-10,Energy Drinks,East,Retail,630,1.25,0.19,637.88
2024-10-15,Water,South,Wholesale,659,4.23,0.1,2508.81
2024-01-28,Energy Drinks,East,Wholesale,256,3.71,0.24,721.82
2024-03-04,Water,North,Retail,84,2.59,0.21,171.87
2024-04-25,Energy Drinks,West,Wholesale,797,3.65,0.22,2269.06
2024-11-24,Energy Drinks,East,Retail,950,2.65,0.04,2416.8
2024-12-01,Water,South,Retail,320,3.11,0.1,895.68
2024-08-28,Energy Drinks,South,Wholesale,267,0.89,0.19,192.48
2024-08-28,Water,North,Wholesale,579,0.68,0.26,291.35
2024-04-21,Energy Drinks,North,Wholesale,82,3.31,0.28,195.42
2024-01-02,Sodas,North,Wholesale,773,3.58,0.18,2269.22
2024-01-25,Juices,South,Wholesale,450,3.82,0.27,1254.87
2024-02-05,Water,South,Wholesale,287,4.82,0.07,1286.51
2024-12-05,Juices,North,Retail,792,1.99,0.03,1528.8
2024-10-09,Water,East,Retail,336,2.01,0.21,533.53
2024-11-17,Juices,South,Retail,258,1.6,0.27,301.34
2024-04-06,Water,West,Retail,978,2.98,0.05,2768.72
2024-01-10,Juices,West,Wholesale,647,4.45,0.25,2159.36
2024-11-15,Water,North,Retail,205,1.1,0.3,157.85
2024-08-24,Energy Drinks,South,Retail,817,3.67,0.27,2188.82
2024-01-18,Juices,East,Retail,574,2.6,0.29,1059.6
2024-06-14,Energy Drinks,South,Wholesale,548,0.72,0.17,327.48
2024-12-22,Water,West,Wholesale,182,1.81,0.24,250.36
2024-10-19,Water,North,Retail,945,3.02,0.29,2026.27
2024-04-08,Juices,East,Retail,149,3.11,0.01,458.76
2024-10-27,Water,North,Wholesale,209,3.27,0.02,669.76
2024-06-13,Energy Drinks,West,Retail,527,0.78,0.17,341.18
2024-03-10,Energy Drinks,East,Wholesale,280,2.37,0.14,570.7
2024-11-18,Juices,West,Wholesale,84,1.97,0.04,158.86
2024-03-30,Sodas,East,Wholesale,9,0.8,0.18,5.9
2024-09-01,Sodas,East,Wholesale,759,4.48,0.29,2414.23
2024-12-18,Water,North,Wholesale,528,3.2,0.18,1385.47
2024-09-25,Juices,East,Wholesale,533,0.98,0.28,376.08
2024-05-11,Energy Drinks,West,Retail,655,1.59,0.1,937.3
2024-12-20,Sodas,East,Retail,303,4.6,0.05,1324.11
2024-07-27,Energy Drinks,West,Wholesale,506,3.05,0.19,1250.07
2024-04-29,Sodas,West,Wholesale,891,2.77,0.22,1925.09
2024-01-18,Juices,East,Wholesale,765,3.58,0.2,2190.96
2024-03-23,Energy Drinks,South,Wholesale,108,2.86,0.08,284.17
2024-07-08,Water,West,Retail,227,2.9,0.01,651.72
2024-11-19,Juices,East,Wholesale,217,4.74,0.07,956.58
2024-05-03,Water,West,Wholesale,142,2.26,0.17,266.36
2024-02-02,Sodas,South,Retail,35,0.69,0.05,22.94
2024-07-27,Energy Drinks,East,Wholesale,873,1.56,0.29,966.93
2024-11-02,Juices,West,Retail,606,4.63,0.29,1992.1
2024-03-03,Sodas,East,Wholesale,278,2.11,0.07,545.52
2024-08-10,Energy Drinks,West,Retail,318,2.01,0.03,620.0
2024-06-26,Water,North,Wholesale,579,4.74,0.13,2387.68
2024-08-13,Sodas,North,Retail,225,0.95,0.24,162.45
2024-03-30,Energy Drinks,East,Retail,935,2.32,0.26,1605.21
2024-08-27,Water,West,Retail,64,0.78,0.21,39.44
2024-06-11,Sodas,West,Retail,275,4.36,0.19,971.19
2024-07-15,Energy Drinks,North,Retail,161,3.12,0.22,391.81
2024-11-26,Water,East,Retail,200,3.6,0.16,604.8
2024-07-21,Water,South,Retail,3,3.75,0.29,7.99
2024-03-29,Energy Drinks,South,Wholesale,998,4.38,0.12,3846.69
2024-08-17,Energy Drinks,East,Wholesale,690,4.81,0.17,2754.69
2024-10-08,Water,South,Wholesale,257,2.24,0.05,546.9
2024-04-12,Energy Drinks,West,Retail,435,0.8,0.13,302.76
2024-11-08,Energy Drinks,North,Wholesale,837,3.04,0.05,2417.26
2024-02-17,Energy Drinks,East,Wholesale,816,0.64,0.29,370.79
2024-04-16,Energy Drinks,North,Wholesale,42,2.31,0.26,71.79
2024-06-14,Water,South,Retail,79,1.14,0.09,81.95
2024-10-19,Sodas,South,Wholesale,477,1.45,0.22,539.49
2024-11-22,Juices,South,Wholesale,956,3.4,0.06,3055.38
2024-09-18,Water,North,Retail,283,0.73,0.17,171.47
2024-10-17,Juices,South,Wholesale,678,1.09,0.26,546.87
2024-10-03,Water,East,Wholesale,175,3.59,0.17,521.45
2024-10-08,Energy Drinks,East,Wholesale,278,4.67,0.16,1090.54
2024-09-25,Juices,North,Retail,467,4.1,0.04,1838.11
2024-09-16,Sodas,South,Retail,334,2.55,0.01,843.18
2024-01-26,Water,West,Retail,58,4.56,0.25,198.36
2024-08-23,Energy Drinks,East,Wholesale,398,3.06,0.29,864.69
2024-07-07,Energy Drinks,West,Wholesale,371,2.48,0.18,754.47
2024-11-01,Juices,South,Retail,516,4.44,0.0,2291.04
2024-11-05,Water,South,Wholesale,638,4.32,0.19,2232.49
2024-08-29,Water,West,Wholesale,116,3.96,0.05,436.39
2024-03-28,Energy Drinks,West,Retail,321,1.56,0.12,440.67
2024-11-02,Water,South,Wholesale,186,3.73,0.14,596.65
2024-01-03,Energy Drinks,West,Retail,979,3.93,0.18,3154.93
2024-04-30,Water,West,Wholesale,312,3.48,0.03,1053.19
2024-12-02,Water,East,Retail,238,1.86,0.09,402.84
2024-08-10,Water,East,Wholesale,97,4.41,0.12,376.44
2024-10-22,Sodas,North,Retail,948,2.76,0.13,2276.34
2024-02-28,Energy Drinks,North,Wholesale,772,2.96,0.27,1668.14
2024-10-03,Water,East,Retail,345,1.15,0.08,365.01
2024-04-24,Energy Drinks,South,Wholesale,725,3.58,0.01,2569.54
2024-05-31,Energy Drinks,West,Wholesale,733,4.13,0.06,2845.65
2024-01-07,Sodas,West,Wholesale,934,3.18,0.03,2881.02
2024-10-20,Juices,East,Retail,745,3.75,0.2,2235.0
2024-11-27,Energy Drinks,West,Wholesale,603,4.62,0.18,2284.41
2024-01-19,Sodas,East,Retail,248,1.82,0.27,329.49
2024-07-15,Juices,South,Wholesale,893,4.62,0.07,3836.86
2024-09-06,Energy Drinks,North,Retail,596,4.72,0.28,2025.45
2024-08-31,Energy Drinks,West,Retail,111,1.05,0.1,104.9
2024-02-28,Juices,East,Wholesale,710,3.51,0.05,2367.5
2024-05-27,Energy Drinks,North,Retail,231,3.0,0.04,665.28
2024-01-09,Juices,North,Wholesale,216,1.14,0.27,179.76
2024-01-04,Energy Drinks,South,Wholesale,990,1.78,0.05,1674.09
2024-11-17,Juices,East,Wholesale,91,2.28,0.22,161.83
2024-02-10,Sodas,North,Wholesale,706,2.75,0.23,1494.96
2024-02-09,Water,West,Wholesale,110,4.89,0.03,521.76
2024-04-22,Juices,East,Retail,83,4.36,0.12,318.45
2024-03-30,Water,South,Retail,629,3.39,0.21,1684.52
2024-08-20,Water,East,Retail,359,2.69,0.22,753.25
2024-02-21,Juices,North,Wholesale,501,4.88,0.3,1711.42
2024-06-14,Sodas,North,Retail,694,2.57,0.29,1266.34
2024-07-19,Water,North,Wholesale,916,2.51,0.16,1931.29
2024-04-09,Water,East,Wholesale,216,1.62,0.17,290.43
2024-11-07,Juices,South,Retail,646,2.03,0.14,1127.79
2024-07-13,Sodas,South,Retail,577,1.59,0.29,651.38
2024-01-09,Juices,North,Wholesale,370,2.26,0.17,694.05
2024-04-24,Water,North,Wholesale,640,1.06,0.08,624.13
2024-08-19,Sodas,North,Retail,432,2.19,0.03,917.7
2024-07-07,Water,North,Retail,974,0.54,0.2,420.77
2024-04-17,Juices,North,Wholesale,12,4.83,0.19,46.95
2024-10-22,Energy Drinks,West,Wholesale,704,3.32,0.03,2267.16
2024-11-16,Water,North,Retail,533,3.62,0.11,1717.22
2024-12-15,Sodas,East,Retail,286,4.29,0.18,1006.09
2024-07-26,Energy Drinks,East,Wholesale,917,3.13,0.15,2439.68
2024-06-22,Water,West,Wholesale,693,1.5,0.01,1029.1
2024-12-25,Energy Drinks,West,Wholesale,79,0.99,0.04,75.08
2024-12-05,Water,South,Wholesale,638,1.15,0.2,586.96
2024-09-03,Juices,West,Retail,478,4.16,0.08,1829.4
2024-08-03,Water,East,Wholesale,276,4.78,0.11,1174.16
2024-04-12,Sodas,North,Retail,779,0.99,0.12,678.66
2024-05-10,Water,North,Retail,145,3.1,0.08,413.54
2024-03-12,Water,West,Retail,991,0.56,0.05,527.21
2024-08-20,Water,West,Retail,969,1.9,0.26,1362.41
2024-04-19,Energy Drinks,North,Wholesale,183,0.77,0.05,133.86
2024-07-02,Energy Drinks,East,Retail,418,1.46,0.08,561.46
2024-12-02,Juices,East,Wholesale,284,0.9,0.11,227.48
2024-09-30,Water,North,Wholesale,477,3.13,0.28,1074.97
2024-03-03,Sodas,South,Retail,976,0.62,0.03,586.97
2024-03-21,Energy Drinks,North,Wholesale,374,2.76,0.18,846.44
2024-12-11,Juices,East,Retail,611,2.52,0.28,1108.6
2024-05-08,Sodas,South,Retail,764,1.13,0.19,699.29
2024-08-25,Sodas,West,Wholesale,49,2.94,0.05,136.86
2024-12-12,Sodas,East,Wholesale,432,2.75,0.07,1104.84
2024-02-21,Sodas,North,Wholesale,560,0.56,0.26,232.06
2024-07-23,Water,South,Retail,252,2.52,0.06,596.94
2024-10-23,Sodas,East,Retail,804,4.94,0.1,3574.58
2024-01-11,Water,West,Wholesale,749,3.82,0.14,2460.61
2024-04-27,Juices,West,Wholesale,163,1.33,0.12,190.78
2024-09-02,Water,West,Retail,306,4.28,0.25,982.26
2024-04-16,Water,West,Retail,494,3.2,0.08,1454.34
2024-09-18,Juices,North,Wholesale,834,3.23,0.04,2586.07
2024-03-21,Water,South,Wholesale,752,1.13,0.21,671.31
2024-03-03,Juices,North,Retail,277,4.08,0.02,1107.56
2024-12-22,Energy Drinks,West,Retail,505,3.96,0.1,1799.82
2024-01-31,Juices,South,Wholesale,692,1.22,0.29,599.41
2024-06-17,Energy Drinks,West,Retail,210,0.84,0.14,151.7
2024-12-21,Juices,South,Wholesale,406,1.36,0.29,392.03
2024-08-27,Water,East,Retail,313,0.65,0.17,168.86
2024-02-15,Energy Drinks,North,Wholesale,153,2.19,0.05,318.32
2024-07-25,Sodas,North,Wholesale,340,4.26,0.05,1375.98
